{
    "excitation" : "multisine",
    "excitation_params" : {
        "phases": [-0.5949568 ,  0.46064198, -0.8302675 ,  0.38420948,
                   -2.9454226 , -1.2498724 ,  1.106336  ,  0.99835265,
                    1.9724548 , -0.54498994, -2.5631304 ,  1.7362409 ,
                   -0.59033155, -1.150956  ],
        "amplitudes": [1, 1, 1, 1, 1, 1, 1, 1, 1, 1, 1, 1, 1, 1],
        "frequencies": [4, 9, 14, 19, 24, 29, 34, 39, 44, 49, 54, 59, 64, 69]
    },
    "episodes_x" : 2,
    "episodes_y" : 2,
    "episodes_both" : 0,
    "time_per_episode" : 10,
    "K": [[4300, -430],
          [430, 430]],
    "C": [[43, 0],
          [0, 43]],
    "kp" : 7.5e3,
    "kd" : 18.61,
    "ki" : 90,
    "dt" : 0.0001,
    "force_std" : 0.02,
    "position_std": 0.000001
}